{"cameraMode":{"drawMode":0,"name":"Shaded","section":"Shading Mode"},"sceneLighting":false,"audioPlay":false,"sceneViewState":{"m_AlwaysRefresh":false,"showFog":true,"showSkybox":true,"showFlares":true,"showImageEffects":true,"showParticleSystems":true,"showVisualEffectGraphs":true,"m_FxEnabled":false},"in2DMode":false,"pivot":{"x":-0.1690225601196289,"y":-3.2481863498687746,"z":8.773118019104004},"rotation":{"x":-0.17636047303676606,"y":0.015352091751992703,"z":-0.002750905929133296,"w":-0.9842020273208618},"size":4.813632011413574,"orthographic":false}